<?xml version="1.0" encoding="UTF-8" standalone="yes"?>
<addon id="repository.pellcorp" name="pellcorp Kodi Repo" version="1.0.1" provider-name="pellcorp">
	<extension point="xbmc.addon.repository" name="pellcorp Kodi Repo">
		<info compressed="false">http://pellcorp.com/kodi/addons.xml</info>
		<checksum>http://pellcorp.com/kodi/addons.xml.md5</checksum>
		<datadir zip="true">http://pellcorp.com/kodi/</datadir>
	</extension>
	<extension point="xbmc.addon.metadata">
		<summary>Add-ons and updates that are not (yet) available via the xbmc.org repo</summary>
		<description>Add-ons and updates that are not (yet) available via the xbmc.org repo</description>
		<disclaimer></disclaimer>
		<platform>all</platform>
	</extension>
</addon>
