<?xml version="1.0" encoding="UTF-8" standalone="yes"?>
<addon id="script.module.requests" name="requests" version="1.1.0" provider-name="kennethreitz">
  <requires>
    <import addon="xbmc.python" version="2.1.0"/>
  </requires>
  <extension point="xbmc.python.module" library="lib" />
  <extension point="xbmc.addon.metadata">
    <summary>Python HTTP for Humans</summary>
    <description>Packed for XBMC from https://github.com/kennethreitz/requests</description>
    <license>Apache</license>
    <platform>all</platform>
    <source>https://github.com/beenje/script.module.requests</source>
  </extension>
</addon>
