<?xml version="1.0" encoding="UTF-8"?>
<addon id="plugin.program.chrome.launcher" name="Chrome Launcher" version="1.1.5" provider-name="pellcorp (AddonScriptorDE)">
    <requires>
        <import addon="xbmc.python" version="2.1.0"/>
        <import addon="script.module.pydevd" version="2.1.0" optional="true"/>
    </requires>
    <extension point="xbmc.python.pluginsource" library="default.py">
        <provides>executable</provides>
    </extension>
    <extension point="xbmc.addon.metadata">
        <platform>all</platform>
        <summary lang="en">Launch websites via Chrome in Kiosk-mode</summary>
        <language></language>
        <description lang="en">Launch websites via Chrome in Kiosk-mode</description>
        <license>GNU GENERAL PUBLIC LICENSE. Version 2, June 1991</license>
        <source>https://github.com/AddonScriptorDE/plugin.program.chrome.launcher</source>
        <forum>http://forum.xbmc.org/showthread.php?tid=170965</forum>
        <email>AddonScriptorDE at yahoo dot de</email>
        <website></website>
    </extension>
</addon>
